{
    "cnn": {
        "accuracy": 0.999,
        "precision": 0.998003992015968,
        "recall": 1.0,
        "f1": 0.999000999000999
    },
    "quantum_inspired": {
        "accuracy": 1.0,
        "precision": 1.0,
        "recall": 1.0,
        "f1": 1.0
    },
    "improvement": {
        "accuracy_improvement_pct": 0.10010010010010019,
        "winner": "quantum_inspired"
    },
    "timestamp": "2026-01-11 08:17:37"
}