{
    "qr_models": {
        "CNN": {
            "accuracy": 0.999,
            "precision": 0.998003992015968,
            "recall": 1.0,
            "f1": 0.999000999000999
        },
        "Quantum_Inspired": {
            "accuracy": 1.0,
            "precision": 1.0,
            "recall": 1.0,
            "f1": 1.0
        }
    },
    "url_models": {
        "DNN": {
            "accuracy": 0.941,
            "precision": 0.9398393030694635,
            "recall": 0.941,
            "f1": 0.9390800935993987
        },
        "Quantum_Inspired": {
            "accuracy": 0.9426666666666667,
            "precision": 0.9416054875833907,
            "recall": 0.9426666666666667,
            "f1": 0.9416194284499014
        }
    },
    "timestamp": "2026-01-11 08:21:44",
    "config": {
        "img_size": [
            128,
            128
        ],
        "batch_size": 32,
        "epochs": 50,
        "sample_size": 10000
    }
}